letter,predict_accuracy
All,23
A,60
B,40
C,0
D,22.22222222
E,22.22222222
F,60
G,0
H,0
I,28.57142857
J,50
K,0
L,77.77777778
M,58.33333333
N,0
O,0
P,0
Q,0
R,0
S,21.42857143
T,9.090909091
U,25
V,25
W,100
X,0
Y,42.85714286
Z,33.33333333